event_time,estimate,se
-2,0.0015338649486079706,0.0027994998053439703
-1,0.0,0.0
0,0.002283461952069219,0.0012476265810374072
1,0.002765422474639863,0.0016030840685283465
2,0.003691289932990261,0.0018550847249717648
3,0.0028645997476579076,0.002008181025566229
4,0.004383839922663664,0.0019233711363089792
5,0.005406834452631722,0.002167264296308474
6,0.0061351138581513314,0.0024573502174409013
7,0.0062812196169877614,0.002813269364940026
8,0.00916929692432075,0.0031623237310309167
9,0.010266355414773961,0.003317830123417332
10,0.01022781043165414,0.003349475929011952
11,0.010228098040305684,0.0036189489476676807
12,0.011655923390010895,0.0050150243649941
